<application>
  <component name="FileTypeManager" version="18">
    <extensionMap>
      <mapping pattern="selectAreaStyle" type="JavaScript" />
      <mapping ext="phpt" type="PHP" />
      <mapping pattern="dataReadme.md" type="PLAIN_TEXT" />
      <mapping pattern=".linguirc" type="PLAIN_TEXT" />
      <mapping pattern="ahoj" type="PLAIN_TEXT" />
      <mapping pattern=".gitkeep" type="PLAIN_TEXT" />
      <mapping pattern="isInArray.js" type="PLAIN_TEXT" />
      <mapping ext="toml" type="PLAIN_TEXT" />
      <mapping ext="crt" type="PLAIN_TEXT" />
      <removed_mapping ext="bat" approved="true" type="PLAIN_TEXT" />
      <removed_mapping ext="cmd" approved="true" type="PLAIN_TEXT" />
      <removed_mapping ext="csv" approved="true" type="CSV file" />
      <removed_mapping ext="dockerfile" approved="true" type="textmate" />
      <removed_mapping ext="log" approved="true" type="PLAIN_TEXT" />
      <removed_mapping ext="makefile" approved="true" type="textmate" />
      <removed_mapping ext="phpt" approved="true" type="PHPT" />
      <removed_mapping ext="snakefile" approved="true" type="textmate" />
      <removed_mapping ext="tsv" approved="true" type="TSV" />
      <removed_mapping pattern=".env" approved="true" type="PLAIN_TEXT" />
      <removed_mapping pattern="ContentListLayout.js" approved="true" type="AUTO_DETECTED" />
      <removed_mapping pattern="WowIcon.js" approved="true" type="AUTO_DETECTED" />
      <removed_mapping pattern="rogue.js" approved="true" type="AUTO_DETECTED" />
      <removed_mapping pattern="threat.js" approved="true" type="AUTO_DETECTED" />
    </extensionMap>
  </component>
</application>