<application>
  <component name="FindSettings">
    <option name="customScope" value="All Places" />
    <option name="defaultScopeName" value="All Places" />
    <option name="SEARCH_SCOPE" value="All Places" />
    <mask>*.properties</mask>
    <mask>*.html</mask>
    <mask>*.jsp</mask>
    <mask>*.xml</mask>
    <mask>*.java</mask>
    <mask>*.js</mask>
    <mask>*.as</mask>
    <mask>*.css</mask>
    <mask>*.mxml</mask>
    <mask>*.php</mask>
    <mask>*.phpt</mask>
    <mask>*.spec.js</mask>
    <mask>!*.spec.js</mask>
    <mask>!*js.map, !*hot-update.js, !*server.js</mask>
    <mask>!*js.map, !*hot-update.js</mask>
    <mask>!*js.map, !*hot-update.js, !*.py*</mask>
  </component>
</application>