<application>
  <component name="GraziConfig">
    <option name="enabledLanguages">
      <set>
        <option value="English (US)" />
        <option value="Slovak" />
      </set>
    </option>
    <option name="suppressingContext">
      <SuppressingContext>
        <option name="suppressed">
          <set>
            <option value="edit is confirmed" />
            <option value="tr" />
          </set>
        </option>
      </SuppressingContext>
    </option>
    <option name="checkingContext">
      <CheckingContext>
        <option name="isCheckInCommitMessagesEnabled" value="true" />
        <option name="isCheckInStringLiteralsEnabled" value="true" />
      </CheckingContext>
    </option>
  </component>
</application>