<application>
  <component name="MaterialThemeConfig">
    <option name="compactMenus" value="true" />
    <option name="compactStatusBar" value="true" />
    <option name="compactTables" value="true" />
    <option name="contrastMode" value="true" />
    <option name="customTreeIndentEnabled" value="true" />
    <option name="highContrast" value="true" />
    <option name="isCompactMenus" value="true" />
    <option name="isCompactStatusBar" value="true" />
    <option name="isCompactTables" value="true" />
    <option name="isContrastMode" value="true" />
    <option name="isCustomTreeIndentEnabled" value="true" />
    <option name="isHighContrast" value="true" />
    <option name="isWizardShown" value="true" />
    <option name="pristineConfig" value="false" />
    <option name="upperCaseButtons" value="false" />
    <option name="useMaterialWallpapers" value="true" />
    <option name="useColoredDirectories" value="false" />
    <option name="indicatorStyle" value="Dot" />
    <option name="tabOpacity" value="47" />
    <option name="highlightThickness" value="1" />
    <option name="leftTreeIndent" value="2" />
    <option name="accentColor" value="84ffff" />
    <option name="selectedTheme" value="DEEPOCEAN" />
    <option name="userId" value="277d993b:169b559861b:-8000" />
    <option name="version" value="5.5.0" />
    <option name="tabHighlightPosition" value="Full" />
  </component>
</application>