<application>
  <component name="ScratchConfig">
    <option name="defaultScratchMeaning" value="LAST_OPENED" />
    <option name="fullScratchNamesOrdered">
      <list>
        <option value="buffer1.txt" />
        <option value="scratch.js" />
        <option value="scratch.po" />
        <option value="scratch.json" />
        <option value="scratch_1.json" />
        <option value="scratch_2.json" />
        <option value="canceledProposalForFormEvent.js" />
        <option value="redux.js" />
        <option value="tablestuff.js" />
        <option value="scratch1.js" />
        <option value="scratch2.js" />
        <option value="package-lock-scratch.txt" />
        <option value="reduxListeners.js" />
        <option value="scratch3.json" />
        <option value="agi.js" />
      </list>
    </option>
    <option name="lastOpenedScratch" value="agi.js" />
    <option name="scratchesFolderPath" value="$APPLICATION_CONFIG_DIR$/scratches" />
  </component>
</application>